CDSSYS,CDS_SUPP_QUOTES,,EN
ID,SUPPLIER_NAME,SUPPLIER_CONTACT,PART_NO,ENQUIRY_QTY_1,ENQUIRY_QTY_2,ENQUIRY_QTY_3,ENQUIRY_QTY_4,DATE_RAISED,PART_DESC,CURRENT_PART_ISSUE,PUR_QTY_1,PUR_COST_1,PUR_LT_1,PUR_QTY_2,PUR_COST_2,PUR_LT_2,PUR_QTY_3,PUR_COST_3,PUR_LT_3,PUR_QTY_4,PUR_COST_4,PUR_LT_4,PUR_FAI_COST,PUR_FAI_LT,PUR_TOOL_COST,PUR_TOOL_LT,ECR_LT,SC_LT,COMMENTS
5470,SUMMIT ENGINEERING,,77881554,1,5,10,0,2015-09-16,VALVE PLATE,1,0,0,0,0,0,0,0,0,0,0,0,0,0,0,0,0,0,0,
7731,GRAVES AIRCRAFT COMPONENTS LTD,,85200487,1,30,60,300,2015-09-08,DRIVE SHAFT              ,O  ,1,1599.83,46,30,330.32,56,60,320.65,56,100,316.78,64,0,0,0,0,0,0,
7732,AE AEROSPACE LTD,M PERRIN,85200487,1,30,60,300,2015-09-08,DRIVE SHAFT              ,O  ,,,,,,,,,,,,,0,0,0,0,0,0,Auto closure based on approval of supplier RFQ ref 7731
7733,AMPHENOL LTD,,77031567,1,5,10,50,2015-09-08,CONNECTOR ASSY           ,4,0,0,0,0,0,0,0,0,0,0,0,0,0,0,0,0,0,0,
7734,AMPHENOL LTD                  ,,86621816,1,5,10,50,2015-09-08,CON HTK1718-31SE06 1206  ,   ,0,0,0,0,0,0,0,0,0,0,0,0,0,0,0,0,0,0,
7735,HARTLEY,,77120399A,1,5,10,50,2015-09-09,CONTROL PISTON ROD O/S   ,7,5,1462,26,10,836.75,26,50,417.61,26,0,0,0,150,0,0,0,0,6,MOQ=5
7736,TRELLEBOR SEALING SOLUTIONS   ,,17110-237Z,1,5,10,50,2015-09-09,BONDED SEAL              ,14,5,209.52,20,10,86.49,20,50,22.01,20,0,0,0,0,0,0,0,0,0,5=moq
7737,TRELLEBOR SEALING SOLUTIONS   ,,17110-237Z,1,5,10,50,2015-09-09,BONDED SEAL              ,14,5,209.52,20,10,86.49,20,50,22.01,20,0,0,0,0,0,0,0,0,0,5=moq
7738,TRELLEBOR SEALING SOLUTIONS   ,,0216-2836,1,25,50,250,2015-09-09,SEALING RING             ,1,5,60,14,25,12,14,50,6.32,14,250,4.87,14,0,0,0,0,26,6,"ECR REQD - : DTD 5612A Gr80, QUOTED  DRG CALLS OUT DTD5612."
7739,TRELLEBOR SEALING SOLUTIONS   ,,STD1053-4002,1,100,200,1000,2015-09-09,WEDGE SEAL               ,5,0,0,0,0,0,0,0,0,0,0,0,0,0,0,0,0,0,0,
7740,PORVAIR FILTRATION GRP        ,,77871287,1,0,0,5,2015-09-09,FILTER                   ,3,5,230.24,20,0,0,0,0,0,0,0,0,0,650,0,0,0,0,0,5=moq
7742,G & O SPRINGS LIMITED         ,,77156688,40,0,0,0,2015-09-09,SPRING                   ,1,40,36.12,12,0,0,0,0,0,0,0,0,0,0,0,0,0,0,0,
7743,G & O SPRINGS LIMITED         ,,77156694,40,0,0,0,2015-09-09,SPRING                   ,1,40,32.31,16,0,0,0,0,0,0,0,0,0,0,0,0,0,0,0,
7744,HALLITE SEALS INT'L LTD       ,,77856087,1,4,0,20,2015-09-09,TRANSPORTATION SEAL      ,1,1,100,12,4,25,12,0,0,0,20,5,12,0,0,0,0,0,0,
7745,ARROWSMITH ENGI. LTD          ,,1541-1149,1,500,1000,5000,2015-09-09,SCREW M/C HEX HEAD       ,3,500,36.28,30,1000,29.37,22,5000,27.68,22,0,0,0,300,0,0,0,0,0,500 moq
7746,PATTONAIR INTERN'L LTD        ,,86637194,1,5,10,0,2015-09-09,PACKING PIECE            ,   ,1,11.93,4,5,11.93,4,10,11.93,4,0,0,0,0,0,0,0,0,0,
7747,FERRANTI TECHNOLOGIES LTD     ,,86637101,1,5,10,0,2015-09-09,FPGA Daughterboard (T04) ,   ,1,195,12,5,195,12,10,195,12,0,0,0,0,0,0,0,0,0,
7748,AE AEROSPACE,,1783-3006,1,5,10,0,2015-09-10,COVER & INSERTS ASSY     ,   ,0,0,0,0,0,0,0,0,0,0,0,0,0,0,0,0,0,0,"There was a US only applicable Mod DPG9600 applied to the 1913-2000 Fuel Distribution Valve which had the following effect
Post-Mod =   1913-3003 Casting =   1913C4002
UTAS TO RFQ 1913-3003"
7749,MIDLAND PRECISION EQUIPMENT CO,,77691969,1,10,50,250,2015-09-11,DASHPOT PISTON           ,1,0,0,0,0,0,0,0,0,0,0,0,0,0,0,0,0,0,0,
7750,AE AEROSPACE LTD,M PERRIN,77069578,40,0,0,0,2015-09-11,PISTON SLEEVE            ,4,0,0,0,0,0,0,0,0,0,0,0,0,0,0,0,0,0,0,
7751,AE AEROSPACE LTD,M PERRIN,77069583,40,0,0,0,2015-09-11,SLEEVE  PISTON           ,4,0,0,0,0,0,0,0,0,0,0,0,0,0,0,0,0,0,0,
7752,AE AEROSPACE LTD,M PERRIN,77069589,40,0,0,0,2015-09-11,PISTON                   ,4,0,0,0,0,0,0,0,0,0,0,0,0,0,0,0,0,0,0,
7753,AE AEROSPACE LTD,M PERRIN,77069588,40,0,0,0,2015-09-11,PISTON                   ,4,0,0,0,0,0,0,0,0,0,0,0,0,0,0,0,0,0,0,
7754,AE AEROSPACE LTD,M PERRIN,77069587,40,0,0,0,2015-09-11,PISTON                   ,4,0,0,0,0,0,0,0,0,0,0,0,0,0,0,0,0,0,0,
7755,AE AEROSPACE LTD,M PERRIN,77069586,40,0,0,0,2015-09-11,PISTON                   ,4,0,0,0,0,0,0,0,0,0,0,0,0,0,0,0,0,0,0,
7756,AE AEROSPACE LTD,M PERRIN,77069585,40,0,0,0,2015-09-11,PISTON                   ,4,0,0,0,0,0,0,0,0,0,0,0,0,0,0,0,0,0,0,
7757,AE AEROSPACE LTD,M PERRIN,77069585,40,0,0,0,2015-09-11,PISTON                   ,4,0,0,0,0,0,0,0,0,0,0,0,0,0,0,0,0,0,0,
7758,AE AEROSPACE LTD,M PERRIN,77069584,40,0,0,0,2015-09-11,PISTON                   ,4,0,0,0,0,0,0,0,0,0,0,0,0,0,0,0,0,0,0,
7759,AE AEROSPACE LTD,M PERRIN,77069582,40,0,0,0,2015-09-11,SLEEVE  PISTON           ,4,0,0,0,0,0,0,0,0,0,0,0,0,0,0,0,0,0,0,
7760,AE AEROSPACE LTD,M PERRIN,77069581,40,0,0,0,2015-09-11,SLEEVE  PISTON           ,4,0,0,0,0,0,0,0,0,0,0,0,0,0,0,0,0,0,0,
7761,AE AEROSPACE LTD,M PERRIN,77069581,40,0,0,0,2015-09-11,SLEEVE  PISTON           ,4,0,0,0,0,0,0,0,0,0,0,0,0,0,0,0,0,0,0,
7762,AE AEROSPACE LTD,M PERRIN,77069580,40,0,0,0,2015-09-11,SLEEVE  PISTON           ,4,0,0,0,0,0,0,0,0,0,0,0,0,0,0,0,0,0,0,
7763,AE AEROSPACE LTD,M PERRIN,77069579,40,0,0,0,2015-09-11,SLEEVE  PISTON           ,4,0,0,0,0,0,0,0,0,0,0,0,0,0,0,0,0,0,0,
7765,PATTONAIR,,SP68-203            ,2,0,0,10,2015-09-11,RIVET                    ,   ,0,0,0,0,0,0,0,0,0,0,0,0,0,0,0,0,0,0,
7766,PATTONAIR,,77491163,1,20,50,250,2015-09-11,SHIM                     ,3,0,0,0,0,0,0,0,0,0,0,0,0,0,0,0,0,0,0,
7767,PATTONAIR,,77153862,1,25,50,250,2015-09-11,SHIM                     ,2,0,0,0,0,0,0,0,0,0,0,0,0,0,0,0,0,0,0,
7768,PATTONAIR,,77348717,1,25,50,250,2015-09-11,SHIM WASHER              ,5,0,0,0,0,0,0,0,0,0,0,0,0,0,0,0,0,0,0,
7769,PATTONAIR,,7231301,1,5,10,50,2015-09-11,STEPPED STUD             ,3,0,0,0,0,0,0,0,0,0,0,0,0,0,0,0,0,0,0,
7770,PATTONAIR,,0953-0588,1,40,100,500,2015-09-11,GASKET                   ,2,0,0,0,0,0,0,0,0,0,0,0,0,0,0,0,0,0,0,
7771,PATTONAIR,,STD333-427-2,1,5,10,50,2015-09-11,PROTECTION CAP           ,12,0,0,0,0,0,0,0,0,0,0,0,0,0,0,0,0,0,0,
7772,PATTONAIR,,77691784,1,5,10,50,2015-09-11,WASHER                   ,6,0,0,0,0,0,0,0,0,0,0,0,0,0,0,0,0,0,0,
7773,PATTONAIR,,1890-4150,1,10,300,1500,2015-09-11,SCREW SOCKET CAP         ,2,0,0,0,0,0,0,0,0,0,0,0,0,0,0,0,0,0,0,
7774,PATTONAIR,,GTS327-28,1,5,10,50,2015-09-11,WIRE INSERT              ,7,0,0,0,0,0,0,0,0,0,0,0,0,0,0,0,0,0,0,
7776,LONDON NAMEPLATE COMPANY      ,,86620320,1,0,0,5,2015-09-11,CARD LABEL               ,   ,25,7,7,0,0,0,0,0,0,0,0,0,120,0,0,0,0,0,25=moq
7778,REDMAYNE ENGINEERING,,KDCA814,1,5,10,50,2015-09-11,COVER                    ,   ,0,0,0,0,0,0,0,0,0,0,0,0,0,0,0,0,0,0,
7780,HARTLEY PRECISION M,,77600359,1,5,10,50,2015-09-11,SLEEVE ASSY              ,1,5,1738.1,32,10,1209.1,32,50,593.7,0,0,0,0,150,0,380,0,0,0,5=moq
7782,HARTLEY PRECISION M,,77600359,1,5,10,50,2015-09-11,SLEEVE ASSY              ,1,5,1738.1,32,10,1209.1,32,50,593.7,32,0,0,0,150,0,380,0,0,0,5=moq
7784,TEKDATA INTERCONNECTIONS LTD  ,,86623944,1,5,10,50,2015-09-11,CONN & HEADER ASSY (H2)  ,   ,0,0,0,0,0,0,0,0,0,0,0,0,0,0,0,0,0,0,
7786,AE AEROSPACE LTD,,77117560G5,1,5,10,50,2015-09-11,PISTON              HYPUR,11,0,0,0,0,0,0,0,0,0,0,0,0,0,0,0,0,0,0,
7790,HALLITE SEALS INT'L LTD,,77564863,1,10,20,100,2015-09-11,DIAPHRAGM ASSEMBLY       ,3,10,450,20,20,415,20,100,395,20,,0,0,0,2,0,0,26,0,moq=5
7791,AMPHENOL INVOTEC LTD          ,,86637352,1,5,10,0,2015-09-11,PWB DRILLING (PSU)       ,   ,1,1320,9,5,318,9,10,230,9,0,0,0,0,0,0,0,0,0,
7793,AMPHENOL INVOTEC LTD          ,,77769932,1,0,0,5,2015-09-11,PWB DRILLING D04         ,   ,1,150,6,0,0,0,0,0,0,5,150,6,0,0,0,0,0,0,
7795,ARROW ELECTRONICS (UK) LTD,,GTS486-62B,1,10,20,100,2015-09-11,RESISTOR TR5             ,   ,5000,0.2,12,0,0,0,0,0,0,0,0,0,0,0,0,0,0,0,5000 = MOQ
7796,ARROW ELECTRONICS (UK) LTD,,GTS2212-911,1,5,10,50,2015-09-11,RESISTOR MRS25           ,   ,0,0,0,0,0,0,0,0,0,0,0,0,0,0,0,0,0,0,
7803,ARROW ELECTRONICS (UK) LTD,,GTS591-41K,1,10,20,100,2015-09-11,CAPACITOR                ,   ,100,0.298,16,0,0,0,0,0,0,0,0,0,0,0,0,0,0,0,MOQ=100
7804,ARROW ELECTRONICS (UK) LTD    ,,GTS1500-139         ,3,0,0,15,2015-09-11,DIC 54HC139              ,   ,0,0,0,0,0,0,0,0,0,0,0,0,0,0,0,0,0,0,
7805,ARROW ELECTRONICS (UK) LTD    ,,GTS1500-244         ,2,0,0,10,2015-09-11,DIC 54HC244              ,   ,0,0,0,0,0,0,0,0,0,0,0,0,0,0,0,0,0,0,
7806,ARROW ELECTRONICS (UK) LTD,,GTS1500-374         ,1,0,0,5,2015-09-11,DIC 54HC374              ,   ,0,0,0,0,0,0,0,0,0,0,0,0,0,0,0,0,0,0,
7808,ARROW ELECTRONICS (UK) LTD,,GTS1605-181K        ,1,0,0,5,2015-09-11,CAPACITOR 1B:B           ,   ,0,0,0,0,0,0,0,0,0,0,0,0,0,0,0,0,0,0,
7809,ARROW ELECTRONICS (UK) LTD,,GTS1605-181K        ,1,0,0,5,2015-09-11,CAPACITOR 1B:B           ,   ,0,0,0,0,0,0,0,0,0,0,0,0,0,0,0,0,0,0,
7810,ARROW ELECTRONICS (UK) LTD,,GTS1612-102K        ,1,0,0,5,2015-09-11,CAPACITOR CKR22          ,   ,0,0,0,0,0,0,0,0,0,0,0,0,0,0,0,0,0,0,
7813,ARROW ELECTRONICS (UK) LTD,,GTS1612-104K        ,5,0,0,25,2015-09-11,CAP (40-564-5324-10M)    ,   ,0,0,0,0,0,0,0,0,0,0,0,0,0,0,0,0,0,0,
7826,ARROW ELECTRONICS (UK) LTD,,GTS486-86B          ,1,0,0,5,2015-09-11,RESISTOR TR5             ,   ,0,0,0,0,0,0,0,0,0,0,0,0,0,0,0,0,0,0,
7827,ARROW ELECTRONICS (UK) LTD,,GTS2226-100KF       ,1,0,0,5,2015-09-11,RESISTOR S102/4812       ,   ,0,0,0,0,0,0,0,0,0,0,0,0,0,0,0,0,0,0,
7828,ARROW ELECTRONICS (UK) LTD,,GTS476-21           ,1,0,0,5,2015-09-11,RESISTOR NK4             ,   ,0,0,0,0,0,0,0,0,0,0,0,0,0,0,0,0,0,0,
7829,G & O SPRINGS LIMITED,,7560260,1,5,10,0,2015-09-14,FACE SEAL SPRING         ,2,1,462.06,7,5,100.4,7,10,55.19,14,0,0,0,0,0,0,0,0,0,
7830,GSM GRAPHIC ARTS LTD,,77022184,1,25,50,0,2015-09-14,NAMEPLATE                ,3,25,6.45,7,50,3.5,0,0,0,0,0,0,0,0,0,0,0,0,0,25 = moq
7831,A.D.I.,,GTS1907-13C,1,5,10,50,2015-09-14,DIODE DZ850506C          ,   ,0,0,0,0,0,0,0,0,0,0,0,0,0,0,0,0,0,0,No Bid
7832,A.D.I.,,GTS1907-13C,1,10,25,0,2015-09-14,DIODE DZ850506C          ,   ,0,0,0,0,0,0,0,0,0,0,0,0,0,0,0,0,0,0,No Bid
7833,A.D.I.                        ,,30-733-3134-01,1,5,10,50,2015-09-14,FASTENER                 ,   ,100,0.04,4,0,0,0,0,0,0,0,0,0,0,0,0,0,0,0,100 = moq
7834,A.D.I.                        ,,KDCC774,2,5,0,0,2015-09-14,LIC OP471                ,NA ,0,0,0,0,0,0,0,0,0,0,0,0,0,0,0,0,0,0,
7835,A.D.I.                        ,,GTS1612-683K        ,1,0,0,5,2015-09-14,CAPACITOR CKR22          ,   ,0,0,0,0,0,0,0,0,0,0,0,0,0,0,0,0,0,0,
7836,A.D.I.                        ,,GTS1904-7           ,1,0,0,5,2015-09-14,DIODE 1N4007             ,   ,0,0,0,0,0,0,0,0,0,0,0,0,0,0,0,0,0,0,
7837,A.D.I.                        ,,GTS1963-27          ,1,0,0,5,2015-09-14,DIODE 1N6062A            ,   ,0,0,0,0,0,0,0,0,0,0,0,0,0,0,0,0,0,0,
7838,A.D.I.                        ,,GTS2116-139M        ,1,0,0,5,2015-09-14,RELAY M39016/6           ,   ,0,0,0,0,0,0,0,0,0,0,0,0,0,0,0,0,0,0,
7839,A.D.I.                        ,,GTS2120-1           ,1,0,0,5,2015-09-14,RELAY JMGST-5M           ,   ,0,0,0,0,0,0,0,0,0,0,0,0,0,0,0,0,0,0,
7841,A.D.I.                        ,,GTS2513-8           ,1,0,0,5,2015-09-14,TRANSFORMER              ,   ,0,0,0,0,0,0,0,0,0,0,0,0,0,0,0,0,0,0,
7842,A.D.I.                        ,,GTS727-38           ,1,0,0,5,2015-09-14,DIODE 1N5647A JANTX MSC  ,   ,0,0,0,0,0,0,0,0,0,0,0,0,0,0,0,0,0,0,
7843,A.D.I.                        ,,77764196,1,0,0,5,2015-09-14,Substrate blank          ,   ,0,0,0,0,0,0,0,0,0,0,0,0,0,0,0,0,0,0,
7847,MICROSS COMPONENTS LIMITED    ,,GTS1016-02          ,1,0,0,5,2015-09-14,IC                       ,   ,0,0,0,0,0,0,0,0,0,0,0,0,0,0,0,0,0,0,
7848,MICROSS COMPONENTS LIMITED    ,,GTS1016-74          ,2,0,0,10,2015-09-14,CHIP IC MOTOROLA 54HC74  ,   ,0,0,0,0,0,0,0,0,0,0,0,0,0,0,0,0,0,0,
7849,MICROSS COMPONENTS LIMITED    ,,GTS1016-244         ,3,0,0,15,2015-09-14,IC                       ,   ,0,0,0,0,0,0,0,0,0,0,0,0,0,0,0,0,0,0,
7850,PATTONAIR,,77762421,1,10,25,0,2015-09-14,"LABEL, BITE CONTROL",,25,7.45,10,0,0,0,0,0,0,0,0,0,0,0,0,0,0,0,ROM base on 77762505
7851,Foundation Technology         ,,77764181,1,0,0,5,2015-09-15,LABEL STATIC SENSITIVE   ,   ,1,0.17,4,0,0,0,0,0,0,5,0.17,4,0,0,0,0,0,0,ex CDS stock
7852,TRELLEBOR SEALING SOLUTIONS,,0216-4013,1,5,10,50,2015-09-15,DIAPHRAGM                ,7,5,60,13,10,37.9,13,50,32.03,13,0,0,0,0,0,0,0,0,0,5=MOQ
7853,SECONDO MONA  SPA,,77805044,1,5,10,50,2015-09-15,WAVEY WASHER             ,1,10,22.92,20,50,19.86,20,0,0,0,0,0,0,0,0,0,0,0,0,moq = 10
7854,PENNY & GILES CONTROLS,,77879763,8,0,0,40,2015-09-15,SINE COSINE LVDT         ,2,10,1504,29,0,0,0,0,0,0,40,1504,29,0,0,0,0,0,0,MOQ=10
7855,SUMMIT ENGINEERING,,77209739,1,20,50,250,2015-09-15,SCREW TAPPET             ,2,0,0,0,0,0,0,0,0,0,0,0,0,0,0,0,0,0,0,
7856,SUMMIT ENGINEERING,,77069964,1,10,0,50,2015-09-15,STUD                     ,1,0,0,0,0,0,0,0,0,0,0,0,0,0,0,0,0,0,0,
7857,SUMMIT ENGINEERING,,77147130,2,0,0,10,2015-09-15,NUT                      ,4,0,0,0,0,0,0,0,0,0,0,0,0,0,0,0,0,0,0,
7858,SUMMIT ENGINEERING,,7020428,1,10,20,0,2015-09-15,PIECE                 B/O,4,0,0,0,0,0,0,0,0,0,0,0,0,0,0,0,0,0,0,
7859,SUMMIT ENGINEERING,,77081482,4,0,0,20,2015-09-15,BOLT                     ,3,0,0,0,0,0,0,0,0,0,0,0,0,0,0,0,0,0,0,
7860,MORGAN AM&T,,77345156,1,5,10,0,2015-09-15,CARBON BEARING           ,4,1,150,9,5,47.12,9,10,33.02,9,0,0,0,0,0,0,0,0,0,
7861,GRAVES AIRCRAFT COMPONENTS LTD,,1685-4003,3,0,0,15,2015-09-15,"STOP,PISTON              ",2,3,270.47,12,0,0,0,0,0,0,15,131.8,13,0,0,0,0,0,0,
7862,BEVERSTON ENGINEERING LTD,,7021472,1,10,20,0,2015-09-15,BUSH                     ,12,1,440.43,10,10,71.77,10,20,51.29,10,0,0,0,0,0,0,0,13,0,
7863,HARTLEY PRECISION M,,77101315,1,5,10,0,2015-09-15,CAMPLATE                 ,14,10,1856.88,48,0,0,0,0,0,0,0,0,0,0,0,0,0,0,0,moq=10
7864,BEVERSTON ENGINEERING LTD,,77080740,1,5,10,50,2015-09-15,COVER MC              B/O,2,0,0,0,0,0,0,0,0,0,0,0,0,0,0,0,0,0,0,
7865,PRECISION CUTTING DIES,,77154750,1,10,20,0,2015-09-15,GASKET                   ,1,1,100,8,10,10,8,20,8.8,8,0,0,0,0,0,0,0,0,0,
7866,GRAVES AIRCRAFT COMPONENTS LTD,,77030314,1,5,10,0,2015-09-15,PUSH ROD                 ,7,1,546.8,0,5,166.8,0,10,119.3,0,0,0,0,75,0,510,0,0,0,
7867,BEVERSTON ENGINEERING LTD,,77086274,3,0,0,15,2015-09-15,SEAL COVER               ,6,3,224.81,10,0,0,0,0,0,0,15,74.48,10,0,0,0,0,0,0,
7868,GRAVES AIRCRAFT COMPONENTS LTD,,77190389,1,5,10,0,2015-09-15,ORIFICE PLUNGER ASSY     ,3,1,4144.01,32,5,1594.01,32,10,1250.51,34,0,0,0,0,0,0,0,0,0,
7869,HARTLEY PRECISION M,,77066168,50,0,0,250,2015-09-15,PLUG & PLUNGER ASSY.     ,6,50,146.83,22,0,0,0,0,0,0,0,0,0,0,0,0,0,0,0,max batch = 50 - Del for 250 not quoted.
7870,BEVERSTON ENGINEERING LTD,,77032262,100,0,0,500,2015-09-15,ASSY HOUSING PDU         ,   ,100,58.1,12,0,0,0,0,0,0,500,52.27,12,0,0,0,0,0,0,
7871,M. E. P. (AEROPLASTICS) LTD,,77850642,1,10,20,0,2015-09-15,COVER                    ,1,1,252.92,14,10,25.67,14,20,13.05,14,0,0,0,0,0,0,0,0,0,
7872,HARTLEY PRECISION M,,77102867,1,5,10,0,2015-09-15,CARBON FACESEAL ASSY     ,5,5,377.1,18,10,294.3,18,0,0,0,0,0,0,0,0,0,0,0,0,5 = moq
7873,PATTONAIR INTERN'L LTD        ,,86621805,25,0,0,125,2015-09-15,MAIN UNIT LABEL          ,   ,0,0,0,0,0,0,0,0,0,0,0,0,0,0,0,0,0,0,
7874,PATTONAIR,,77348712,1,25,50,0,2015-09-15,SHIM WASHER              ,5,0,0,0,0,0,0,0,0,0,0,0,0,0,0,0,0,0,0,
7875,PATTONAIR,,85100024,1,50,100,500,2015-09-15,SHIM                  PUR,C  ,0,0,0,0,0,0,0,0,0,0,0,0,0,0,0,0,0,0,
7876,PATTONAIR,,AS21032,1,10,20,100,2015-09-15,BOLT                     ,4,0,0,0,0,0,0,0,0,0,0,0,0,0,0,0,0,0,0,
7877,PATTONAIR,,KDC2014,25,0,0,125,2015-09-15,PLUG                     ,   ,0,0,0,0,0,0,0,0,0,0,0,0,0,0,0,0,0,0,
7878,PATTONAIR,,GTS117-1            ,3,15,0,75,2015-09-15,WIRE INSERT              ,12,0,0,0,0,0,0,0,0,0,0,0,0,0,0,0,0,0,0,
7879,PATTONAIR,,77690338,1,10,20,0,2015-09-15,SILVER STEEL DOWEL       ,2,0,0,0,0,0,0,0,0,0,0,0,0,0,0,0,0,0,0,
7880,PATTONAIR,,77872265,1,0,0,5,2015-09-15,HIGH WATTAGE LEE JET     ,5,0,0,0,0,0,0,0,0,0,0,0,0,0,0,0,0,0,0,
7881,PATTONAIR,,77872550,1,0,0,5,2015-09-15,LEE JET                  ,2,0,0,0,0,0,0,0,0,0,0,0,0,0,0,0,0,0,0,
7882,PATTONAIR,,77032699,100,0,0,500,2015-09-15,BOLT ASSEMBLY            ,1,0,0,0,0,0,0,0,0,0,0,0,0,0,0,0,0,0,0,
7883,PATTONAIR,,77736152,1,5,10,50,2015-09-15,SLEEVING TYGADURE        ,   ,0,0,0,0,0,0,0,0,0,0,0,0,0,0,0,0,0,0,
7884,TEKDATA INTERCONNECTIONS LTD,,86623944,1,5,10,50,2015-09-15,CONN & HEADER ASSY (H2)  ,   ,10,393.23,22,50,393.23,22,0,0,0,0,0,0,0,0,0,0,0,0,10 = MOQ
7885,TE CONNECTIVITY,,48-402-0002,1,5,10,0,2015-09-16,RESISTOR PAIR,,0,0,0,0,0,0,0,0,0,0,0,0,0,0,0,0,0,0,
7886,G & D Vickers,,GTS35-19,1,5,10,50,2015-09-16,CIRCLIP                  ,17,0,0,0,0,0,0,0,0,0,0,0,0,0,0,0,0,0,0,
7887,ARROW ELECTRONICS (UK) LTD,,GTS1714-275M,1,5,10,50,2015-09-16,CAPACITOR                ,   ,0,0,0,0,0,0,0,0,0,0,0,0,0,0,0,0,0,0,cvbn
7888,PATTONAIR,,17110-179,1,100,200,1000,2015-09-16,WASHER                   ,2,0,0,0,0,0,0,0,0,0,0,0,0,0,0,0,0,0,0,
7889,TAXRALE ELECTRICS LTD,,85201207,11,0,0,0,2015-09-17,TORQUE MOTOR ASSEMBLY,A,0,0,0,0,0,0,0,0,0,0,0,0,0,0,0,0,0,0,
7890,TRELLEBOR SEALING SOLUTIONS   ,,GTS212-11,1,25,50,0,2015-09-21,BONDED SEAL              ,5,0,0,0,0,0,0,0,0,0,0,0,0,0,0,0,0,0,0,
7891,TRELLEBOR SEALING SOLUTIONS   ,,0216-4010,1,10,20,0,2015-09-21,SEAT & SEAL BONDED ASSY  ,1,0,0,0,0,0,0,0,0,0,0,0,0,0,0,0,0,0,0,
7892,TRELLEBOR SEALING SOLUTIONS   ,,0216-4048,1,10,20,0,2015-09-21,"RING,SEALING,TOROIDAL    ",1,5,60,14,10,30,14,25,24.03,14,0,0,0,0,0,0,0,0,0,5 = MOQ
7893,TRELLEBOR SEALING SOLUTIONS   ,,STD1031-4106,1,20,50,0,2015-09-21,"RING,SEALING,TOROIDAL    ",8,5,40,12,10,20,12,50,4,12,0,0,0,0,0,0,0,0,0,5=MOQ
7894,TRELLEBOR SEALING SOLUTIONS   ,,STD1031-4115,1,10,20,0,2015-09-21,"RING,SEALING,TOROIDAL    ",8,5,40,12,10,0,12,20,0,12,0,0,0,0,0,0,0,0,0,5=MOQ
7895,TRELLEBOR SEALING SOLUTIONS   ,,STD1031-4906,1,25,50,0,2015-09-21,"RING,SEALING,TOROIDAL    ",8,5,40,12,25,8,12,50,4,12,0,0,0,0,0,0,0,0,0,5=MOQ
7897,SUMMIT ENGINEERING            ,,1890-4153,1,10,20,0,2015-09-21,"COVER,TRANSPORT          ",3,0,0,0,0,0,0,0,0,0,0,0,0,0,0,0,0,0,0,
7898,SUMMIT ENGINEERING            ,,1890-4155,1,10,20,0,2015-09-21,"COVER,TRANSPORT          ",2,0,0,0,0,0,0,0,0,0,0,0,0,0,0,0,0,0,0,
7899,FOWLERS OF BRISTOL ENG LIMITED,,STD1313-4004,1,5,10,0,2015-09-21,COVER                    ,2,0,0,0,0,0,0,0,0,0,0,0,0,0,0,0,0,0,0,
7900,G & O SPRINGS LIMITED         ,,0199-4019,1,5,10,0,2015-09-21,SPRING HELICAL COMP'N    ,2,1,349.73,14,5,76.88,14,10,42.78,14,0,0,0,0,0,0,0,0,0,
7901,BEVERSTON ENGINEERING LTD     ,,77152728,1,5,10,50,2015-09-21,AIR FILTER ASSY.         ,1,0,0,0,0,0,0,0,0,0,0,0,0,0,0,0,0,0,0,
7902,G & O SPRINGS LIMITED         ,,0199-4104,1,5,10,0,2015-09-23,SPRING HELICAL COMP'N    ,1,1,349.68,16,5,76.85,16,10,42.75,16,0,0,0,0,0,0,0,0,0,
7903,TRELLEBOR SEALING SOLUTIONS   ,,STD948-6,1,10,25,0,2015-09-23,COMPOSITE SEAL           ,3,0,0,0,0,0,0,0,0,0,0,0,0,0,0,0,0,0,0,
7904,TRELLEBOR SEALING SOLUTIONS   ,,GTS140-6,1,50,100,500,2015-09-23,BACK-UP RING             ,11,5,30,12,50,3.72,12,100,2.29,12,500,1.15,12,0,0,0,0,0,0,MOQ=5
7905,TRELLEBOR SEALING SOLUTIONS   ,,STD1031-4911,1,10,25,0,2015-09-23,RING SEALING TOROIDAL    ,8,5,40,12,10,20,12,25,8,12,0,0,0,0,0,0,0,0,0,5 = moq
7906,TRELLEBOR SEALING SOLUTIONS   ,,STD1031-4916,1,10,25,0,2015-09-23,"RING,SEALING,TOROIDAL    ",8,5,40,12,10,20,12,25,8,12,0,0,0,0,0,0,0,0,0,5=MOQ
7907,PATTONAIR                     ,,1890-4156,1,10,20,0,2015-09-23,"COVER,TRANSPORT          ",2,0,0,0,0,0,0,0,0,0,0,0,0,0,0,0,0,0,0,
7908,PATTONAIR                     ,,1890-4062,1,25,50,0,2015-09-23,"CAP,ADJUSTER             ",2,0,0,0,0,0,0,0,0,0,0,0,0,0,0,0,0,0,0,
7909,PATTONAIR                     ,,1890-4099,1,10,20,0,2015-09-23,"GASKET,TRANSPORT         ",3,0,0,10,0,0,0,0,0,0,0,0,0,0,0,0,0,0,0,moq=40
7910,PATTONAIR                     ,,1890-4105,1,5,10,0,2015-09-23,"GASKET,TRANSPORT         ",3,1,1005,9,5,549,9,10,103.3,9,0,0,0,0,0,0,0,0,0,
7911,PATTONAIR                     ,,1890-4165,1,5,10,0,2015-09-23,"GASKET,TRANSPORT         ",3,40,5.72,10,0,0,0,0,0,0,0,0,0,0,0,0,0,0,0,40=moq
7912,PATTONAIR INTERN'L LTD        ,,STD502-4,1,10,25,0,2015-09-23,"GASKET,TRANSPORT         ",6,40,5.72,10,0,0,0,0,0,0,0,0,0,0,0,0,0,0,0,MOQ=40
7913,PATTONAIR                     ,,GTS140-14,1,50,100,500,2015-09-23,BACK-UP RING             ,11,0,0,0,0,0,0,0,0,0,0,0,0,0,0,0,0,0,0,
7914,PATTONAIR                     ,,1775-4017,2,0,0,10,2015-09-23,ADAPTOR INLET            ,1,2,38.52,20,0,0,0,0,0,0,10,38.52,20,0,0,0,0,0,0,
7915,PATTONAIR                     ,,GTS35-8,1,10,20,0,2015-09-23,CIRCLIP                  ,17,0,0,0,0,0,0,0,0,0,0,0,0,0,0,0,0,0,0,
7916,PATTONAIR                     ,,STD101-37,1,25,50,0,2015-09-23,SEALING RING             ,9,19,4.99,2,0,0,0,0,0,0,0,0,0,0,0,0,0,0,0,avaialble ex stock - UTAS to re request if require additional qty
7917,PATTONAIR                     ,,GTS140-14,1,50,100,500,2015-09-23,BACK-UP RING             ,11,0,0,0,0,0,0,0,0,0,0,0,0,0,0,0,0,0,0,
7918,PATTONAIR                     ,,STD1031-4903,1,50,100,0,2015-09-23,"RING,SEALING,TOROIDAL    ",8,0,0,0,0,0,0,0,0,0,0,0,0,0,0,0,0,0,0,
7919,HALLITE SEALS INT'L LTD       ,,GTS79-5,1,25,50,0,2015-09-23,SEALING RING             ,4,1,100,11,25,4.54,11,50,4.54,11,0,0,0,0,0,0,0,0,0,
7920,HALLITE SEALS INT'L LTD       ,,AS43013-028,1,50,100,0,2015-09-23,RING SEALING TOROIDAL    ,5,1,100,12,50,4.89,12,100,4.65,12,0,0,0,0,0,0,0,0,0,
7921,A.D.I.,,77764545,1,5,10,50,2015-09-23,20 SWG HECNUM WIRE       ,   ,0,0,0,0,0,0,0,0,0,0,0,0,0,0,0,0,0,0,
7922,ADI,,1837-709-16,1,5,10,0,2015-09-25,SLEEVING,,0,0,0,0,0,0,0,0,0,0,0,0,0,0,0,0,0,0,
7923,ECR- No Bid device Obsolete,,GTS3007,1,5,10,50,2015-09-25,IC                       ,   ,0,0,0,0,0,0,0,0,0,0,0,0,0,0,0,0,0,0,
7924,ARROW ELECTRONICS (UK) LTD,,GTS2513-6,1,5,10,0,2015-09-25,TRANSFORMER,,0,0,0,0,0,0,0,0,0,0,0,0,0,0,0,0,0,0,
7925,ARROW ELECTRONICS (UK) LTD,,40-526-632-30E,1,10,50,0,2015-09-28,RES 3K0 ohms 1% 15ppm JY,,1,0.134,2,10,0.134,2,50,0.134,2,0,0,0,0,0,100,0,0,0,Parts reidentified stock - GTS2218-3K0B
7926,AMARI AEROSPACE LTD,,742A029-900L        ,3,15,0,0,2015-09-28,AMS5618 x 12.7mm Dia     ,   ,3,46.64,10,15,46.64,10,0,0,0,0,0,0,0,0,0,0,0,0,contract 38mm bar price used
7927,TEKDATA INTERCONNECTIONS LTD,,77750084,1,5,10,50,2015-09-28,IN-LINE TEST PLUG ASSY   ,   ,0,0,0,0,0,0,0,0,0,0,0,0,0,0,0,0,0,0,
7928,B/E AEROSPACE CM II UK LTD,,0953-0321,1,40,100,0,2015-09-29,CORRUJOINT               ,5,0,0,0,0,0,0,0,0,0,0,0,0,0,0,0,0,0,0,
7929,ARROW ELECTRONICS (UK) LTD,,40-564-5324-10,1,10,20,0,2015-09-29,CAPACITOR 100NF 10% 50V,,200,0,22,0,0,0,0,0,0,0,0,0,0,2,0,0,0,0,200 moq RE IDENTIFY GTS1612-104K
7930,A.D.I.,,GTS1907-13C,1,10,25,0,2015-09-29,DIODE DZ850506C          ,   ,0,0,0,0,0,0,0,0,0,0,0,0,0,0,0,0,0,0,
7932,A.D.I.,,GTS1907-13C,1,5,10,50,2015-09-29,DIODE DZ850506C          ,   ,0,0,0,0,0,0,0,0,0,0,0,0,0,0,0,0,0,0,
7933,A.D.I.,,BCP1905-1,1,5,10,0,2015-09-30,RELAY (TE0011-1),,0,0,0,0,0,0,0,0,0,0,0,0,0,0,0,0,0,0,
7934,B/E AEROSPACE CM II UK LTD,,GTS265-6,1,35,100,0,2015-09-30,BOLT                     ,4,0,0,0,0,0,0,0,0,0,0,0,0,0,0,0,0,0,0,
